Name,Categories,Date,Doc By Plan,模組,TNB,訂閱版本,Refactor,ID,Permalink,Post Type,Tags,產品
結帳頁相關設定,"PLUS版適用,網站設定>金物流設定","December 8, 2022 2:00 PM (GMT+8)",結帳頁與物流設定總覽 (https://app.notion.com/p/30324ee0f33c8044b6c3fcf00e4d1e8e?pvs=21),https://app.notion.com/24f24ee0f33c8005a37ac435d8a8dd3e,trunk,"https://app.notion.com/23b24ee0f33c80009ef1fc21c42a1055, https://app.notion.com/23b24ee0f33c8012811dd1806920767b, https://app.notion.com/23b24ee0f33c8032872ce1663e8b210d, https://app.notion.com/23b24ee0f33c807a94a3d681ff970cc6, https://app.notion.com/23b24ee0f33c8085a187f6bebb799990, https://app.notion.com/23b24ee0f33c8092bbddc34398a259f7, https://app.notion.com/23b24ee0f33c80d9aed4e1c445c39e0e",No,329,https://www.cyberbiz.io/helpcenter/?p=329,post,"物流,結帳,金流",EC
DHL 物流開通設定,"PLUS版適用,網站設定>金物流設定","October 8, 2024 1:48 AM (GMT+8)",DHL 跨境物流 (https://app.notion.com/p/DHL-36c24ee0f33c80d2881aeef46d07cd11?pvs=21),https://app.notion.com/24f24ee0f33c8005a37ac435d8a8dd3e,branch,,Yes,393,https://www.cyberbiz.io/helpcenter/?p=393,post,,"EC,GL"
建立及管理 DHL 託運單,"PLUS版適用,網站設定>金物流設定","October 8, 2024 1:52 AM (GMT+8)",DHL 跨境物流 (https://app.notion.com/p/DHL-36c24ee0f33c80d2881aeef46d07cd11?pvs=21),https://app.notion.com/24f24ee0f33c8005a37ac435d8a8dd3e,branch,,Yes,1769,https://www.cyberbiz.io/helpcenter/?p=1769,post,,"EC,GL"
金流申請：LINE Pay,金流,"July 13, 2022 1:30 AM (GMT+8)",設定 LINE Pay (https://app.notion.com/p/LINE-Pay-2f424ee0f33c80c09032e0788584f199?pvs=21),https://app.notion.com/24f24ee0f33c8005a37ac435d8a8dd3e,branch,"https://app.notion.com/23b24ee0f33c8012811dd1806920767b, https://app.notion.com/23b24ee0f33c8032872ce1663e8b210d, https://app.notion.com/23b24ee0f33c807a94a3d681ff970cc6, https://app.notion.com/23b24ee0f33c8085a187f6bebb799990, https://app.notion.com/23b24ee0f33c8092bbddc34398a259f7, https://app.notion.com/23b24ee0f33c80d9aed4e1c445c39e0e",Yes,2127,https://www.cyberbiz.io/helpcenter/?p=2127,post,"LINEPAY,金流",EC
商品上架管理：配送物流/溫層綁定（一般宅配）,網站設定>金物流設定,"June 11, 2020 7:53 AM (GMT+8)",設定商品配送條件（物流、溫層與出貨通路） (https://app.notion.com/p/24f24ee0f33c80789651c9895795decb?pvs=21),"https://app.notion.com/24f24ee0f33c8005a37ac435d8a8dd3e, https://app.notion.com/24f24ee0f33c809e8ce5ce92c5149e94",trunk,"https://app.notion.com/23b24ee0f33c80009ef1fc21c42a1055, https://app.notion.com/23b24ee0f33c8012811dd1806920767b, https://app.notion.com/23b24ee0f33c8032872ce1663e8b210d, https://app.notion.com/23b24ee0f33c807a94a3d681ff970cc6, https://app.notion.com/23b24ee0f33c8085a187f6bebb799990, https://app.notion.com/23b24ee0f33c8092bbddc34398a259f7, https://app.notion.com/23b24ee0f33c80d9aed4e1c445c39e0e",Yes,2221,https://www.cyberbiz.io/helpcenter/?p=2221,post,,EC
商品上架管理：配送通路綁定,網站設定>金物流設定,"June 12, 2020 4:05 AM (GMT+8)",設定商品配送條件（物流、溫層與出貨通路） (https://app.notion.com/p/24f24ee0f33c80789651c9895795decb?pvs=21),"https://app.notion.com/24f24ee0f33c8005a37ac435d8a8dd3e, https://app.notion.com/24f24ee0f33c809e8ce5ce92c5149e94",trunk,"https://app.notion.com/23b24ee0f33c80009ef1fc21c42a1055, https://app.notion.com/23b24ee0f33c8012811dd1806920767b, https://app.notion.com/23b24ee0f33c8032872ce1663e8b210d, https://app.notion.com/23b24ee0f33c807a94a3d681ff970cc6, https://app.notion.com/23b24ee0f33c8085a187f6bebb799990, https://app.notion.com/23b24ee0f33c8092bbddc34398a259f7, https://app.notion.com/23b24ee0f33c80d9aed4e1c445c39e0e",Yes,2249,https://www.cyberbiz.io/helpcenter/?p=2249,post,,EC
金流申請：PAYPAL,網站設定>金物流設定,"September 16, 2020 8:07 AM (GMT+8)",設定 PayPal (https://app.notion.com/p/PayPal-2f524ee0f33c8082bac8f60307c0dd00?pvs=21),https://app.notion.com/24f24ee0f33c8005a37ac435d8a8dd3e,trunk,"https://app.notion.com/23b24ee0f33c80009ef1fc21c42a1055, https://app.notion.com/23b24ee0f33c8012811dd1806920767b, https://app.notion.com/23b24ee0f33c8032872ce1663e8b210d, https://app.notion.com/23b24ee0f33c807a94a3d681ff970cc6, https://app.notion.com/23b24ee0f33c8085a187f6bebb799990, https://app.notion.com/23b24ee0f33c8092bbddc34398a259f7, https://app.notion.com/23b24ee0f33c80d9aed4e1c445c39e0e",Yes,2553,https://www.cyberbiz.io/helpcenter/?p=2553,post,,EC
自訂物流,網站設定>金物流設定,"July 26, 2022 5:35 AM (GMT+8)",串接宅配貨到不付款/自訂物流 (https://app.notion.com/p/31724ee0f33c80a1be2ae28aaf8e14a0?pvs=21),https://app.notion.com/24f24ee0f33c8005a37ac435d8a8dd3e,branch,,Yes,2746,https://www.cyberbiz.io/helpcenter/?p=2746,post,"多購物車,溫層,物流,物流運費",EC
CYBERBIZ X 街口支付,網站設定>金物流設定,"March 21, 2022 7:21 AM (GMT+8)",設定街口支付 (https://app.notion.com/p/2f524ee0f33c80cdb9c3d376302cee03?pvs=21),https://app.notion.com/24f24ee0f33c8005a37ac435d8a8dd3e,branch,"https://app.notion.com/23b24ee0f33c8012811dd1806920767b, https://app.notion.com/23b24ee0f33c8032872ce1663e8b210d, https://app.notion.com/23b24ee0f33c807a94a3d681ff970cc6, https://app.notion.com/23b24ee0f33c8085a187f6bebb799990, https://app.notion.com/23b24ee0f33c8092bbddc34398a259f7, https://app.notion.com/23b24ee0f33c80d9aed4e1c445c39e0e",Yes,2933,https://www.cyberbiz.io/helpcenter/?p=2933,post,,EC
補印/加印託運單,訂單>訂單管理,"March 8, 2022 2:00 AM (GMT+8)",(宅配物流託運單)補印與加印託運單 (https://app.notion.com/p/2d824ee0f33c805f9afdea3b9755ef3f?pvs=21),https://app.notion.com/24f24ee0f33c8005a37ac435d8a8dd3e,branch,"https://app.notion.com/23b24ee0f33c80009ef1fc21c42a1055, https://app.notion.com/23b24ee0f33c8032872ce1663e8b210d, https://app.notion.com/23b24ee0f33c807a94a3d681ff970cc6, https://app.notion.com/23b24ee0f33c80d9aed4e1c445c39e0e, https://app.notion.com/24e24ee0f33c80d3ad9cf13885284396",Yes,3430,https://www.cyberbiz.io/helpcenter/?p=3430,post,,EC
"<span style=""text-transform: none;"">金流說明 : Google Pay™</span>","網站設定>金物流設定>CYBERBIZ PAYMENTS,金流","September 15, 2021 2:45 AM (GMT+8)",串接Google Pay (https://app.notion.com/p/Google-Pay-31f24ee0f33c803f855cda22ef396241?pvs=21),https://app.notion.com/24f24ee0f33c8005a37ac435d8a8dd3e,branch,,Yes,3900,https://www.cyberbiz.io/helpcenter/?p=3900,post,,EC
PLUS用戶 - 超商店到店寄件(C2C) 串接設定,"PLUS版適用,金流","July 15, 2022 9:10 AM (GMT+8)",設定超商店到店物流串接 (https://app.notion.com/p/2f624ee0f33c805d81d2e91e2e46726c?pvs=21),https://app.notion.com/24f24ee0f33c8005a37ac435d8a8dd3e,trunk,"https://app.notion.com/23b24ee0f33c80009ef1fc21c42a1055, https://app.notion.com/23b24ee0f33c8012811dd1806920767b, https://app.notion.com/23b24ee0f33c8032872ce1663e8b210d, https://app.notion.com/23b24ee0f33c807a94a3d681ff970cc6, https://app.notion.com/23b24ee0f33c8085a187f6bebb799990, https://app.notion.com/23b24ee0f33c8092bbddc34398a259f7, https://app.notion.com/23b24ee0f33c80d9aed4e1c445c39e0e",Yes,5058,https://www.cyberbiz.io/helpcenter/?p=5058,post,PLUS版專用,EC
PLUS用戶 - 超商大宗寄倉(B2C) 設定&申請,"PLUS版適用,金流","July 18, 2022 3:36 AM (GMT+8)",設定超商大宗寄倉 B2C (https://app.notion.com/p/B2C-2fb24ee0f33c8029a152cb06ab431ffe?pvs=21),https://app.notion.com/24f24ee0f33c8005a37ac435d8a8dd3e,branch,"https://app.notion.com/23b24ee0f33c8012811dd1806920767b, https://app.notion.com/23b24ee0f33c8032872ce1663e8b210d, https://app.notion.com/23b24ee0f33c807a94a3d681ff970cc6, https://app.notion.com/23b24ee0f33c8085a187f6bebb799990, https://app.notion.com/23b24ee0f33c8092bbddc34398a259f7, https://app.notion.com/23b24ee0f33c80d9aed4e1c445c39e0e",Yes,5064,https://www.cyberbiz.io/helpcenter/?p=5064,post,PLUS版專用,EC
全家冷凍物流(B2C)申請流程,"網站設定>金物流設定>CYBERBIZ PAYMENTS,金流","July 18, 2022 4:27 AM (GMT+8)",申請全家冷凍物流 B2C (https://app.notion.com/p/B2C-2fb24ee0f33c80238e5fdb3e5c063214?pvs=21),https://app.notion.com/24f24ee0f33c8005a37ac435d8a8dd3e,branch,"https://app.notion.com/23b24ee0f33c8032872ce1663e8b210d, https://app.notion.com/23b24ee0f33c8085a187f6bebb799990, https://app.notion.com/23b24ee0f33c80d9aed4e1c445c39e0e",Yes,5068,https://www.cyberbiz.io/helpcenter/?p=5068,post,金流,EC
逆物流(收取退貨),網站設定>金物流設定,"August 17, 2022 6:42 AM (GMT+8)","宅配逆物流 (https://app.notion.com/p/31824ee0f33c80f49bbccbb23550869a?pvs=21), 逆物流(收取退貨) (https://app.notion.com/p/2d624ee0f33c807aabc0ee9e2a2ecacf?pvs=21)","https://app.notion.com/24f24ee0f33c8005a37ac435d8a8dd3e,https://app.notion.com/24f24ee0f33c8005a37ac435d8a8dd3e","branch,branch",,"Yes,No",5333,https://www.cyberbiz.io/helpcenter/?p=5333,post,"宅配通,逆物流,黑貓","EC,EC"
電商倉儲 - 部分串倉-拆單,"PLUS版適用,WMS","September 29, 2022 2:12 AM (GMT+8)",啟用部分串倉與拆單 (https://app.notion.com/p/32124ee0f33c8089bf8fc27463cfdc1e?pvs=21),https://app.notion.com/24f24ee0f33c8005a37ac435d8a8dd3e,branch,,Yes,5723,https://www.cyberbiz.io/helpcenter/?p=5723,post,,"EC,WMS"
電商倉儲 - 部分串倉-混單,"PLUS版適用,WMS","September 29, 2022 2:12 AM (GMT+8)",啟用部分串倉與混單 (https://app.notion.com/p/32124ee0f33c80949979d38b3438b470?pvs=21),https://app.notion.com/24f24ee0f33c8005a37ac435d8a8dd3e,branch,,Yes,5726,https://www.cyberbiz.io/helpcenter/?p=5726,post,,"EC,WMS"
PLUS用戶 - CYBERBIZ PAYMENTS 金流申請流程,"PLUS版適用,金流","December 13, 2022 1:03 AM (GMT+8)",申請 CYBERBIZ PAYMENTS (https://app.notion.com/p/CYBERBIZ-PAYMENTS-2f024ee0f33c805dac15c71d23b9318c?pvs=21),https://app.notion.com/24f24ee0f33c8005a37ac435d8a8dd3e,trunk,"https://app.notion.com/23b24ee0f33c80009ef1fc21c42a1055, https://app.notion.com/23b24ee0f33c8012811dd1806920767b, https://app.notion.com/23b24ee0f33c8032872ce1663e8b210d, https://app.notion.com/23b24ee0f33c807a94a3d681ff970cc6, https://app.notion.com/23b24ee0f33c8085a187f6bebb799990, https://app.notion.com/23b24ee0f33c8092bbddc34398a259f7, https://app.notion.com/23b24ee0f33c80d9aed4e1c445c39e0e",Yes,6174,https://www.cyberbiz.io/helpcenter/?p=6174,post,"PLUS版專用,金流",EC
CYBERBIZ PAYMENTS 金流申請流程,網站設定>金物流設定,"January 18, 2023 9:33 AM (GMT+8)",申請 CYBERBIZ PAYMENTS (https://app.notion.com/p/CYBERBIZ-PAYMENTS-2f024ee0f33c805dac15c71d23b9318c?pvs=21),https://app.notion.com/24f24ee0f33c8005a37ac435d8a8dd3e,trunk,"https://app.notion.com/23b24ee0f33c80009ef1fc21c42a1055, https://app.notion.com/23b24ee0f33c8012811dd1806920767b, https://app.notion.com/23b24ee0f33c8032872ce1663e8b210d, https://app.notion.com/23b24ee0f33c807a94a3d681ff970cc6, https://app.notion.com/23b24ee0f33c8085a187f6bebb799990, https://app.notion.com/23b24ee0f33c8092bbddc34398a259f7, https://app.notion.com/23b24ee0f33c80d9aed4e1c445c39e0e",Yes,6738,https://www.cyberbiz.io/helpcenter/?p=6738,post,,EC
信用卡 3D驗證門檻設定,"PLUS版適用,網站設定>金物流設定","February 23, 2023 6:01 AM (GMT+8)",信用卡 3D驗證門檻設定 (https://app.notion.com/p/3D-2a924ee0f33c807ab386f561a3676182?pvs=21),https://app.notion.com/24f24ee0f33c8005a37ac435d8a8dd3e,trunk,"https://app.notion.com/23b24ee0f33c80009ef1fc21c42a1055, https://app.notion.com/23b24ee0f33c8012811dd1806920767b, https://app.notion.com/23b24ee0f33c8032872ce1663e8b210d, https://app.notion.com/23b24ee0f33c807a94a3d681ff970cc6, https://app.notion.com/23b24ee0f33c8085a187f6bebb799990, https://app.notion.com/23b24ee0f33c8092bbddc34398a259f7, https://app.notion.com/23b24ee0f33c80d9aed4e1c445c39e0e",Yes,6844,https://www.cyberbiz.io/helpcenter/?p=6844,post,金流,EC
CYBERBIZ PAYMENTS - AFTEE先享後付 金流說明,常見問題,"February 23, 2023 6:01 AM (GMT+8)",設定 AFTEE (https://app.notion.com/p/AFTEE-2f424ee0f33c804b869dff5c4c65efee?pvs=21),https://app.notion.com/24f24ee0f33c8005a37ac435d8a8dd3e,trunk,"https://app.notion.com/23b24ee0f33c80009ef1fc21c42a1055, https://app.notion.com/23b24ee0f33c8012811dd1806920767b, https://app.notion.com/23b24ee0f33c8032872ce1663e8b210d, https://app.notion.com/23b24ee0f33c807a94a3d681ff970cc6, https://app.notion.com/23b24ee0f33c8085a187f6bebb799990, https://app.notion.com/23b24ee0f33c8092bbddc34398a259f7, https://app.notion.com/23b24ee0f33c80d9aed4e1c445c39e0e",Yes,6847,https://www.cyberbiz.io/helpcenter/?p=6847,post,,EC
CYBERBIZ PAYMENTS - 超商店到店寄件(C2C) 串接設定,常見問題,"February 23, 2023 6:07 AM (GMT+8)",設定超商店到店物流串接 (https://app.notion.com/p/2f624ee0f33c805d81d2e91e2e46726c?pvs=21),https://app.notion.com/24f24ee0f33c8005a37ac435d8a8dd3e,trunk,"https://app.notion.com/23b24ee0f33c80009ef1fc21c42a1055, https://app.notion.com/23b24ee0f33c8012811dd1806920767b, https://app.notion.com/23b24ee0f33c8032872ce1663e8b210d, https://app.notion.com/23b24ee0f33c807a94a3d681ff970cc6, https://app.notion.com/23b24ee0f33c8085a187f6bebb799990, https://app.notion.com/23b24ee0f33c8092bbddc34398a259f7, https://app.notion.com/23b24ee0f33c80d9aed4e1c445c39e0e",Yes,6850,https://www.cyberbiz.io/helpcenter/?p=6850,post,,EC
CYBERBIZ PAYMENTS -超商大宗寄倉(B2C) 設定&申請,常見問題,"February 23, 2023 6:06 AM (GMT+8)",設定超商大宗寄倉 B2C (https://app.notion.com/p/B2C-2fb24ee0f33c8029a152cb06ab431ffe?pvs=21),https://app.notion.com/24f24ee0f33c8005a37ac435d8a8dd3e,branch,"https://app.notion.com/23b24ee0f33c8012811dd1806920767b, https://app.notion.com/23b24ee0f33c8032872ce1663e8b210d, https://app.notion.com/23b24ee0f33c807a94a3d681ff970cc6, https://app.notion.com/23b24ee0f33c8085a187f6bebb799990, https://app.notion.com/23b24ee0f33c8092bbddc34398a259f7, https://app.notion.com/23b24ee0f33c80d9aed4e1c445c39e0e",Yes,6852,https://www.cyberbiz.io/helpcenter/?p=6852,post,,EC
金流說明 : Apple Pay,"網站設定>金物流設定>CYBERBIZ PAYMENTS,PLUS版適用,常見問題","March 27, 2024 6:09 AM (GMT+8)",設定 Apple Pay (https://app.notion.com/p/Apple-Pay-2f424ee0f33c80bea8a3f8ecdd4f0d30?pvs=21),https://app.notion.com/24f24ee0f33c8005a37ac435d8a8dd3e,trunk,"https://app.notion.com/23b24ee0f33c80009ef1fc21c42a1055, https://app.notion.com/23b24ee0f33c8012811dd1806920767b, https://app.notion.com/23b24ee0f33c8032872ce1663e8b210d, https://app.notion.com/23b24ee0f33c807a94a3d681ff970cc6, https://app.notion.com/23b24ee0f33c8085a187f6bebb799990, https://app.notion.com/23b24ee0f33c8092bbddc34398a259f7, https://app.notion.com/23b24ee0f33c80d9aed4e1c445c39e0e",Yes,8162,https://www.cyberbiz.io/helpcenter/?p=8162,post,,EC
LINEX 物流開通設定,"PLUS版適用,網站設定>金物流設定","January 24, 2024 12:53 AM (GMT+8)",LINEX 跨境物流 (https://app.notion.com/p/LINEX-36c24ee0f33c80df97e9db70754e3671?pvs=21),https://app.notion.com/24f24ee0f33c8005a37ac435d8a8dd3e,branch,,Yes,8214,https://www.cyberbiz.io/helpcenter/?p=8214,post,"PLUS版專用,物流","EC,GL"
結帳頁自動拆分多購物車(商品通路/溫層/物流/預購),常見問題,"April 29, 2024 7:57 AM (GMT+8)",設定結帳拆分多購物車 (https://app.notion.com/p/24f24ee0f33c8049af57c897f078811b?pvs=21),"https://app.notion.com/24f24ee0f33c8005a37ac435d8a8dd3e, https://app.notion.com/24f24ee0f33c809e8ce5ce92c5149e94",branch,"https://app.notion.com/23b24ee0f33c8012811dd1806920767b, https://app.notion.com/23b24ee0f33c8032872ce1663e8b210d, https://app.notion.com/23b24ee0f33c8085a187f6bebb799990, https://app.notion.com/23b24ee0f33c8092bbddc34398a259f7, https://app.notion.com/23b24ee0f33c80d9aed4e1c445c39e0e",Yes,8632,https://www.cyberbiz.io/helpcenter/?p=8632,post,,EC
新竹物流：查詢記錄,網站設定>金物流設定>CYBERBIZ PAYMENTS,"November 14, 2024 9:32 AM (GMT+8)",查詢宅配託運單紀錄 (https://app.notion.com/p/31124ee0f33c803f81cbd5c4e1487dd2?pvs=21),https://app.notion.com/24f24ee0f33c8005a37ac435d8a8dd3e,branch,"https://app.notion.com/23b24ee0f33c80009ef1fc21c42a1055, https://app.notion.com/23b24ee0f33c8032872ce1663e8b210d, https://app.notion.com/23b24ee0f33c807a94a3d681ff970cc6, https://app.notion.com/23b24ee0f33c80d9aed4e1c445c39e0e, https://app.notion.com/24e24ee0f33c80d3ad9cf13885284396",Yes,10625,https://www.cyberbiz.io/helpcenter/?p=10625,post,,EC
宅配物流：串接物流 — 新竹物流貨到付款,網站設定>金物流設定>CYBERBIZ PAYMENTS,"November 14, 2024 9:34 AM (GMT+8)",串接宅配貨到付款物流 (https://app.notion.com/p/2d824ee0f33c80c98278f81f3bfbfa3b?pvs=21),"https://app.notion.com/24f24ee0f33c8005a37ac435d8a8dd3e, https://app.notion.com/2d124ee0f33c80b19bdee6efe83fdc4a",branch,"https://app.notion.com/23b24ee0f33c80009ef1fc21c42a1055, https://app.notion.com/23b24ee0f33c8032872ce1663e8b210d, https://app.notion.com/23b24ee0f33c807a94a3d681ff970cc6, https://app.notion.com/23b24ee0f33c80d9aed4e1c445c39e0e, https://app.notion.com/24e24ee0f33c80d3ad9cf13885284396",Yes,10629,https://www.cyberbiz.io/helpcenter/?p=10629,post,,EC
宅配物流：黑貓/宅配通貨到付款,網站設定>金物流設定>CYBERBIZ PAYMENTS,"November 14, 2024 10:01 AM (GMT+8)",串接宅配貨到付款物流 (https://app.notion.com/p/2d824ee0f33c80c98278f81f3bfbfa3b?pvs=21),"https://app.notion.com/24f24ee0f33c8005a37ac435d8a8dd3e, https://app.notion.com/2d124ee0f33c80b19bdee6efe83fdc4a",branch,"https://app.notion.com/23b24ee0f33c80009ef1fc21c42a1055, https://app.notion.com/23b24ee0f33c8032872ce1663e8b210d, https://app.notion.com/23b24ee0f33c807a94a3d681ff970cc6, https://app.notion.com/23b24ee0f33c80d9aed4e1c445c39e0e, https://app.notion.com/24e24ee0f33c80d3ad9cf13885284396",Yes,10656,https://www.cyberbiz.io/helpcenter/?p=10656,post,,EC
順豐海外物流開通設定,"PLUS版適用,網站設定>金物流設定","March 6, 2025 9:44 AM (GMT+8)",順豐海外物流 (https://app.notion.com/p/2d824ee0f33c801da570d401ac006a8f?pvs=21),https://app.notion.com/24f24ee0f33c8005a37ac435d8a8dd3e,branch,"https://app.notion.com/23b24ee0f33c80d9aed4e1c445c39e0e, https://app.notion.com/24e24ee0f33c80d3ad9cf13885284396",Yes,11280,https://www.cyberbiz.io/helpcenter/?p=11280,post,,"EC,GL"
金流申請：iPASS MONEY 一卡通,網站設定>金物流設定,"November 25, 2025 2:24 AM (GMT+8)",申請iPASS MONEY 一卡通 (https://app.notion.com/p/iPASS-MONEY-31f24ee0f33c80e19d50d4f1f9b4a13d?pvs=21),https://app.notion.com/24f24ee0f33c8005a37ac435d8a8dd3e,branch,,Yes,12633,https://www.cyberbiz.io/helpcenter/?p=12633,post,,EC