Name,Categories,Date,Doc By Plan,模組,TNB,訂閱版本,Refactor,ID,Permalink,Post Type,Tags
前台介面：如何套用/更換主題套版,網站設定>前台介面,"May 31, 2022 7:00 AM (GMT+8)",套用與更換網站主題 (https://app.notion.com/p/38724ee0f33c80b78cb6d7c8833f3936?pvs=21),https://app.notion.com/24f24ee0f33c80a895f2e78d977c595a,trunk,"https://app.notion.com/23b24ee0f33c80009ef1fc21c42a1055, https://app.notion.com/23b24ee0f33c8012811dd1806920767b, https://app.notion.com/23b24ee0f33c8032872ce1663e8b210d, https://app.notion.com/23b24ee0f33c807a94a3d681ff970cc6, https://app.notion.com/23b24ee0f33c8085a187f6bebb799990, https://app.notion.com/23b24ee0f33c8092bbddc34398a259f7, https://app.notion.com/23b24ee0f33c80d9aed4e1c445c39e0e",Yes,410,https://www.cyberbiz.io/helpcenter/?p=410,post,版型主題
Google Map地圖設定：門市/公司,網站設定>前台介面,"September 9, 2019 3:16 AM (GMT+8)",設定與修改客服中心資訊 (https://app.notion.com/p/31924ee0f33c80eeb642f67b3ca9886a?pvs=21),https://app.notion.com/24f24ee0f33c80a895f2e78d977c595a,trunk,"https://app.notion.com/23b24ee0f33c80009ef1fc21c42a1055, https://app.notion.com/23b24ee0f33c8032872ce1663e8b210d, https://app.notion.com/23b24ee0f33c807a94a3d681ff970cc6, https://app.notion.com/23b24ee0f33c80d9aed4e1c445c39e0e",Yes,420,https://www.cyberbiz.io/helpcenter/?p=420,post,
部落格管理,"網站設定,行銷活動>行銷工具","August 17, 2021 2:00 AM (GMT+8)",部落格管理與文章發佈指南 (https://app.notion.com/p/32824ee0f33c8087aa0df04d00082e58?pvs=21),"https://app.notion.com/24f24ee0f33c8079af5af73ce452ee9e, https://app.notion.com/24f24ee0f33c80a895f2e78d977c595a",trunk,"https://app.notion.com/23b24ee0f33c80009ef1fc21c42a1055, https://app.notion.com/23b24ee0f33c8012811dd1806920767b, https://app.notion.com/23b24ee0f33c8032872ce1663e8b210d, https://app.notion.com/23b24ee0f33c807a94a3d681ff970cc6, https://app.notion.com/23b24ee0f33c8085a187f6bebb799990, https://app.notion.com/23b24ee0f33c8092bbddc34398a259f7, https://app.notion.com/23b24ee0f33c80d9aed4e1c445c39e0e",Yes,631,https://www.cyberbiz.io/helpcenter/?p=631,post,
群組排序,商品>商品群組,"September 24, 2019 6:37 AM (GMT+8)",設定商品群組前台排序 (https://app.notion.com/p/24f24ee0f33c805caa90f5b4e9e5d521?pvs=21),"https://app.notion.com/24f24ee0f33c809e8ce5ce92c5149e94, https://app.notion.com/24f24ee0f33c80a895f2e78d977c595a",trunk,"https://app.notion.com/23b24ee0f33c80009ef1fc21c42a1055, https://app.notion.com/23b24ee0f33c8012811dd1806920767b, https://app.notion.com/23b24ee0f33c8032872ce1663e8b210d, https://app.notion.com/23b24ee0f33c807a94a3d681ff970cc6, https://app.notion.com/23b24ee0f33c8085a187f6bebb799990, https://app.notion.com/23b24ee0f33c8092bbddc34398a259f7, https://app.notion.com/23b24ee0f33c80d9aed4e1c445c39e0e",Yes,995,https://www.cyberbiz.io/helpcenter/?p=995,post,
文章編輯器CKEditor常見問題排解,"商品>商品上架/管理,網站設定,訂單","October 2, 2019 6:39 AM (GMT+8)",使用文字編輯器編輯內容 (https://app.notion.com/p/32824ee0f33c80cbb8a8ce8a3145cf2d?pvs=21),https://app.notion.com/24f24ee0f33c80a895f2e78d977c595a,trunk,"https://app.notion.com/23b24ee0f33c80009ef1fc21c42a1055, https://app.notion.com/23b24ee0f33c8012811dd1806920767b, https://app.notion.com/23b24ee0f33c8032872ce1663e8b210d, https://app.notion.com/23b24ee0f33c807a94a3d681ff970cc6, https://app.notion.com/23b24ee0f33c8085a187f6bebb799990, https://app.notion.com/23b24ee0f33c8092bbddc34398a259f7, https://app.notion.com/23b24ee0f33c80d9aed4e1c445c39e0e",Yes,1330,https://www.cyberbiz.io/helpcenter/?p=1330,post,
首頁輪播圖速度調整,網站設定>前台介面,"October 28, 2019 9:02 AM (GMT+8)",調整首頁跑馬燈（輪播圖）的轉場停留時間 (https://app.notion.com/p/31724ee0f33c800193e0eb843c41ecac?pvs=21),https://app.notion.com/24f24ee0f33c80a895f2e78d977c595a,trunk,"https://app.notion.com/23b24ee0f33c80009ef1fc21c42a1055, https://app.notion.com/23b24ee0f33c8032872ce1663e8b210d, https://app.notion.com/23b24ee0f33c807a94a3d681ff970cc6, https://app.notion.com/23b24ee0f33c80d9aed4e1c445c39e0e",Yes,1643,https://www.cyberbiz.io/helpcenter/?p=1643,post,
客服視窗設定(非免費功能),網站設定>語法教學,"July 21, 2021 3:49 AM (GMT+8)",設置網站客服視窗 (https://app.notion.com/p/31724ee0f33c8006ac36cd25a46c0e24?pvs=21),https://app.notion.com/24f24ee0f33c80a895f2e78d977c595a,trunk,"https://app.notion.com/23b24ee0f33c80009ef1fc21c42a1055, https://app.notion.com/23b24ee0f33c8032872ce1663e8b210d, https://app.notion.com/23b24ee0f33c807a94a3d681ff970cc6, https://app.notion.com/23b24ee0f33c80d9aed4e1c445c39e0e",Yes,3461,https://www.cyberbiz.io/helpcenter/?p=3461,post,
恢復樣版編輯器,網站設定>語法教學,"July 21, 2021 3:54 AM (GMT+8)",使用樣板編輯器恢復網頁代碼 (https://app.notion.com/p/31124ee0f33c805ea589ec5dc4be6f27?pvs=21),https://app.notion.com/24f24ee0f33c80a895f2e78d977c595a,trunk,"https://app.notion.com/23b24ee0f33c80009ef1fc21c42a1055, https://app.notion.com/23b24ee0f33c8012811dd1806920767b, https://app.notion.com/23b24ee0f33c8032872ce1663e8b210d, https://app.notion.com/23b24ee0f33c807a94a3d681ff970cc6, https://app.notion.com/23b24ee0f33c8085a187f6bebb799990, https://app.notion.com/23b24ee0f33c8092bbddc34398a259f7, https://app.notion.com/23b24ee0f33c80d9aed4e1c445c39e0e",Yes,3474,https://www.cyberbiz.io/helpcenter/?p=3474,post,
跑馬燈轉場時間設定,網站設定>語法教學,"July 28, 2021 6:58 AM (GMT+8)",調整首頁跑馬燈（輪播圖）的轉場停留時間 (https://app.notion.com/p/31724ee0f33c800193e0eb843c41ecac?pvs=21),https://app.notion.com/24f24ee0f33c80a895f2e78d977c595a,trunk,"https://app.notion.com/23b24ee0f33c80009ef1fc21c42a1055, https://app.notion.com/23b24ee0f33c8032872ce1663e8b210d, https://app.notion.com/23b24ee0f33c807a94a3d681ff970cc6, https://app.notion.com/23b24ee0f33c80d9aed4e1c445c39e0e",Yes,3558,https://www.cyberbiz.io/helpcenter/?p=3558,post,
網頁鎖右鍵功能,網站設定>語法教學,"July 28, 2021 7:16 AM (GMT+8)",設定網頁鎖右鍵保護圖文版權 (https://app.notion.com/p/31224ee0f33c806da3cbdc485a1e84cf?pvs=21),https://app.notion.com/24f24ee0f33c80a895f2e78d977c595a,trunk,"https://app.notion.com/23b24ee0f33c80009ef1fc21c42a1055, https://app.notion.com/23b24ee0f33c8032872ce1663e8b210d, https://app.notion.com/23b24ee0f33c807a94a3d681ff970cc6, https://app.notion.com/23b24ee0f33c80d9aed4e1c445c39e0e",Yes,3561,https://www.cyberbiz.io/helpcenter/?p=3561,post,
網站設定 : 網站標題,網站設定>語法教學,"July 28, 2021 7:50 AM (GMT+8)",設定網站標題與 SEO (https://app.notion.com/p/SEO-31824ee0f33c805183e3d21d1d3f12cb?pvs=21),https://app.notion.com/24f24ee0f33c80a895f2e78d977c595a,trunk,"https://app.notion.com/23b24ee0f33c80009ef1fc21c42a1055, https://app.notion.com/23b24ee0f33c8012811dd1806920767b, https://app.notion.com/23b24ee0f33c8032872ce1663e8b210d, https://app.notion.com/23b24ee0f33c807a94a3d681ff970cc6, https://app.notion.com/23b24ee0f33c8085a187f6bebb799990, https://app.notion.com/23b24ee0f33c8092bbddc34398a259f7, https://app.notion.com/23b24ee0f33c80d9aed4e1c445c39e0e",Yes,3572,https://www.cyberbiz.io/helpcenter/?p=3572,post,
樣版編輯器 / 特殊語法教學,網站設定>語法教學,"July 29, 2021 2:21 AM (GMT+8)",樣版編輯器操作全攻略 (https://app.notion.com/p/31124ee0f33c80878574da1b053cc63b?pvs=21),https://app.notion.com/24f24ee0f33c80a895f2e78d977c595a,trunk,"https://app.notion.com/23b24ee0f33c80009ef1fc21c42a1055, https://app.notion.com/23b24ee0f33c8012811dd1806920767b, https://app.notion.com/23b24ee0f33c8032872ce1663e8b210d, https://app.notion.com/23b24ee0f33c807a94a3d681ff970cc6, https://app.notion.com/23b24ee0f33c8085a187f6bebb799990, https://app.notion.com/23b24ee0f33c8092bbddc34398a259f7, https://app.notion.com/23b24ee0f33c80d9aed4e1c445c39e0e",Yes,3579,https://www.cyberbiz.io/helpcenter/?p=3579,post,
商品圖片放大預覽功能鎖定,網站設定>語法教學,"August 6, 2021 1:42 AM (GMT+8)",關閉商品圖片放大預覽功能 (https://app.notion.com/p/31624ee0f33c80f3b10eefc0672711c0?pvs=21),https://app.notion.com/24f24ee0f33c80a895f2e78d977c595a,trunk,"https://app.notion.com/23b24ee0f33c80009ef1fc21c42a1055, https://app.notion.com/23b24ee0f33c8012811dd1806920767b, https://app.notion.com/23b24ee0f33c8032872ce1663e8b210d, https://app.notion.com/23b24ee0f33c807a94a3d681ff970cc6, https://app.notion.com/23b24ee0f33c8085a187f6bebb799990, https://app.notion.com/23b24ee0f33c8092bbddc34398a259f7, https://app.notion.com/23b24ee0f33c80d9aed4e1c445c39e0e",Yes,3680,https://www.cyberbiz.io/helpcenter/?p=3680,post,
客服中心資訊調整,網站設定>語法教學,"August 6, 2021 1:55 AM (GMT+8)",設定與修改客服中心資訊 (https://app.notion.com/p/31924ee0f33c80eeb642f67b3ca9886a?pvs=21),https://app.notion.com/24f24ee0f33c80a895f2e78d977c595a,trunk,"https://app.notion.com/23b24ee0f33c80009ef1fc21c42a1055, https://app.notion.com/23b24ee0f33c8032872ce1663e8b210d, https://app.notion.com/23b24ee0f33c807a94a3d681ff970cc6, https://app.notion.com/23b24ee0f33c80d9aed4e1c445c39e0e",Yes,3683,https://www.cyberbiz.io/helpcenter/?p=3683,post,
頁面崁入 GOOGLE 表單,網站設定>語法教學,"August 6, 2021 2:10 AM (GMT+8)",如何在自訂頁面中嵌入 Google 表單 (https://app.notion.com/p/Google-31824ee0f33c80d28810e9bf20584214?pvs=21),https://app.notion.com/24f24ee0f33c80a895f2e78d977c595a,trunk,"https://app.notion.com/23b24ee0f33c80009ef1fc21c42a1055, https://app.notion.com/23b24ee0f33c8032872ce1663e8b210d, https://app.notion.com/23b24ee0f33c807a94a3d681ff970cc6, https://app.notion.com/23b24ee0f33c80d9aed4e1c445c39e0e",Yes,3688,https://www.cyberbiz.io/helpcenter/?p=3688,post,
轉貼連結預設圖片(OG image),網站設定,"September 2, 2021 6:18 AM (GMT+8)",設定轉貼連結縮圖 (OG Image) (https://app.notion.com/p/OG-Image-31524ee0f33c80a789afd03832147295?pvs=21),https://app.notion.com/24f24ee0f33c80a895f2e78d977c595a,trunk,"https://app.notion.com/23b24ee0f33c80009ef1fc21c42a1055, https://app.notion.com/23b24ee0f33c8012811dd1806920767b, https://app.notion.com/23b24ee0f33c8032872ce1663e8b210d, https://app.notion.com/23b24ee0f33c807a94a3d681ff970cc6, https://app.notion.com/23b24ee0f33c8085a187f6bebb799990, https://app.notion.com/23b24ee0f33c8092bbddc34398a259f7, https://app.notion.com/23b24ee0f33c80d9aed4e1c445c39e0e",Yes,3843,https://www.cyberbiz.io/helpcenter/?p=3843,post,
搜尋功能排除特定關鍵字,網站設定>語法教學,"September 7, 2021 7:17 AM (GMT+8)",在搜尋結果中排除特定關鍵字商品 (https://app.notion.com/p/31224ee0f33c804186d7c9284a28bd81?pvs=21),"https://app.notion.com/24f24ee0f33c809e8ce5ce92c5149e94, https://app.notion.com/24f24ee0f33c80a895f2e78d977c595a",trunk,"https://app.notion.com/23b24ee0f33c80009ef1fc21c42a1055, https://app.notion.com/23b24ee0f33c8032872ce1663e8b210d, https://app.notion.com/23b24ee0f33c807a94a3d681ff970cc6, https://app.notion.com/23b24ee0f33c80d9aed4e1c445c39e0e",Yes,3852,https://www.cyberbiz.io/helpcenter/?p=3852,post,
CKEDITOR-文章編輯器教學,網站設定>前台介面,"September 29, 2021 7:45 AM (GMT+8)",使用文字編輯器編輯內容 (https://app.notion.com/p/32824ee0f33c80cbb8a8ce8a3145cf2d?pvs=21),https://app.notion.com/24f24ee0f33c80a895f2e78d977c595a,trunk,"https://app.notion.com/23b24ee0f33c80009ef1fc21c42a1055, https://app.notion.com/23b24ee0f33c8012811dd1806920767b, https://app.notion.com/23b24ee0f33c8032872ce1663e8b210d, https://app.notion.com/23b24ee0f33c807a94a3d681ff970cc6, https://app.notion.com/23b24ee0f33c8085a187f6bebb799990, https://app.notion.com/23b24ee0f33c8092bbddc34398a259f7, https://app.notion.com/23b24ee0f33c80d9aed4e1c445c39e0e",Yes,3938,https://www.cyberbiz.io/helpcenter/?p=3938,post,
排程跑馬燈設定,"PLUS版適用,網站設定>前台介面","January 12, 2023 1:19 AM (GMT+8)",建立與管理排程跑馬燈 (https://app.notion.com/p/37b24ee0f33c80f29e8dfca0912e40bb?pvs=21),https://app.notion.com/24f24ee0f33c80a895f2e78d977c595a,trunk,"https://app.notion.com/23b24ee0f33c80009ef1fc21c42a1055, https://app.notion.com/23b24ee0f33c8012811dd1806920767b, https://app.notion.com/23b24ee0f33c8032872ce1663e8b210d, https://app.notion.com/23b24ee0f33c807a94a3d681ff970cc6, https://app.notion.com/23b24ee0f33c8085a187f6bebb799990, https://app.notion.com/23b24ee0f33c8092bbddc34398a259f7, https://app.notion.com/23b24ee0f33c80d9aed4e1c445c39e0e",Yes,5760,https://www.cyberbiz.io/helpcenter/?p=5760,post,行銷
選單/導覽列設定,網站設定>前台介面,"October 5, 2022 6:00 AM (GMT+8)","設定前台選單 (https://app.notion.com/p/26924ee0f33c8048bf9ade1b4fc8773c?pvs=21), 設定選單與導覽列 (https://app.notion.com/p/2fc24ee0f33c8012a46cfa34b378934c?pvs=21)","https://app.notion.com/24f24ee0f33c80a895f2e78d977c595a,https://app.notion.com/24f24ee0f33c80a895f2e78d977c595a","branch,trunk","https://app.notion.com/23b24ee0f33c80009ef1fc21c42a1055, https://app.notion.com/23b24ee0f33c8012811dd1806920767b, https://app.notion.com/23b24ee0f33c8032872ce1663e8b210d, https://app.notion.com/23b24ee0f33c807a94a3d681ff970cc6, https://app.notion.com/23b24ee0f33c8085a187f6bebb799990, https://app.notion.com/23b24ee0f33c8092bbddc34398a259f7, https://app.notion.com/23b24ee0f33c80d9aed4e1c445c39e0e","No,Yes",5917,https://www.cyberbiz.io/helpcenter/?p=5917,post,
營業人資訊揭露,常見問題,"January 19, 2023 9:01 AM (GMT+8)",揭露營業人名稱與統一編號 (https://app.notion.com/p/38724ee0f33c8041a17bc387ae092dd0?pvs=21),https://app.notion.com/24f24ee0f33c80a895f2e78d977c595a,trunk,"https://app.notion.com/23b24ee0f33c80009ef1fc21c42a1055, https://app.notion.com/23b24ee0f33c8012811dd1806920767b, https://app.notion.com/23b24ee0f33c8032872ce1663e8b210d, https://app.notion.com/23b24ee0f33c807a94a3d681ff970cc6, https://app.notion.com/23b24ee0f33c8085a187f6bebb799990, https://app.notion.com/23b24ee0f33c8092bbddc34398a259f7, https://app.notion.com/23b24ee0f33c80d9aed4e1c445c39e0e",Yes,6773,https://www.cyberbiz.io/helpcenter/?p=6773,post,
前台呈現語系設定,"PLUS版適用,網站設定>前台介面","March 23, 2023 6:38 AM (GMT+8)",設定前台語系與文字自定義 (https://app.notion.com/p/31424ee0f33c80ab84e2cab61d5ef01b?pvs=21),https://app.notion.com/24f24ee0f33c80a895f2e78d977c595a,trunk,"https://app.notion.com/23b24ee0f33c80009ef1fc21c42a1055, https://app.notion.com/23b24ee0f33c8012811dd1806920767b, https://app.notion.com/23b24ee0f33c8032872ce1663e8b210d, https://app.notion.com/23b24ee0f33c807a94a3d681ff970cc6, https://app.notion.com/23b24ee0f33c8085a187f6bebb799990, https://app.notion.com/23b24ee0f33c8092bbddc34398a259f7, https://app.notion.com/23b24ee0f33c80d9aed4e1c445c39e0e",Yes,7260,https://www.cyberbiz.io/helpcenter/?p=7260,post,
PLUS版專用功能 - 商品評論,PLUS版適用,"November 17, 2023 9:20 AM (GMT+8)",管理商品評論 (https://app.notion.com/p/24f24ee0f33c8025abdedd681fdda1ba?pvs=21),"https://app.notion.com/24f24ee0f33c809e8ce5ce92c5149e94, https://app.notion.com/24f24ee0f33c80a895f2e78d977c595a",trunk,"https://app.notion.com/23b24ee0f33c8012811dd1806920767b, https://app.notion.com/23b24ee0f33c8085a187f6bebb799990, https://app.notion.com/23b24ee0f33c8092bbddc34398a259f7, https://app.notion.com/23b24ee0f33c80d9aed4e1c445c39e0e",Yes,7894,https://www.cyberbiz.io/helpcenter/?p=7894,post,PLUS版專用
拖拉版型 : 功能介紹,"網站設定>前台介面,常見問題,網站設定>拖拉版型","June 27, 2024 6:25 AM (GMT+8)",托拉版型網站設定 (https://app.notion.com/p/2fc24ee0f33c8031b435c07f9273c51d?pvs=21),https://app.notion.com/24f24ee0f33c80a895f2e78d977c595a,branch,"https://app.notion.com/23b24ee0f33c80009ef1fc21c42a1055, https://app.notion.com/23b24ee0f33c8032872ce1663e8b210d, https://app.notion.com/23b24ee0f33c807a94a3d681ff970cc6, https://app.notion.com/23b24ee0f33c80d9aed4e1c445c39e0e, https://app.notion.com/24e24ee0f33c80d3ad9cf13885284396",Yes,9153,https://www.cyberbiz.io/helpcenter/?p=9153,post,
多國語系 - 導覽列設定,"PLUS版適用,網站設定>前台介面","February 21, 2025 7:09 AM (GMT+8)",設定選單與導覽列 (https://app.notion.com/p/2fc24ee0f33c8012a46cfa34b378934c?pvs=21),https://app.notion.com/24f24ee0f33c80a895f2e78d977c595a,trunk,"https://app.notion.com/23b24ee0f33c80009ef1fc21c42a1055, https://app.notion.com/23b24ee0f33c8012811dd1806920767b, https://app.notion.com/23b24ee0f33c8032872ce1663e8b210d, https://app.notion.com/23b24ee0f33c807a94a3d681ff970cc6, https://app.notion.com/23b24ee0f33c8085a187f6bebb799990, https://app.notion.com/23b24ee0f33c8092bbddc34398a259f7, https://app.notion.com/23b24ee0f33c80d9aed4e1c445c39e0e",Yes,11200,https://www.cyberbiz.io/helpcenter/?p=11200,post,
顧客可留言頁面建立 reCAPTCHA 安全驗證機制,"PLUS版適用,商品","July 31, 2025 6:51 AM (GMT+8)",啟用留言區 reCAPTCHA (https://app.notion.com/p/reCAPTCHA-24f24ee0f33c805a8f39fdbdd15c8b1f?pvs=21),"https://app.notion.com/24f24ee0f33c8077bcb4e3dd55c7a06a, https://app.notion.com/24f24ee0f33c809e8ce5ce92c5149e94, https://app.notion.com/24f24ee0f33c80a895f2e78d977c595a",trunk,"https://app.notion.com/23b24ee0f33c8012811dd1806920767b, https://app.notion.com/23b24ee0f33c8085a187f6bebb799990, https://app.notion.com/23b24ee0f33c8092bbddc34398a259f7, https://app.notion.com/23b24ee0f33c80d9aed4e1c445c39e0e",Yes,12371,https://www.cyberbiz.io/helpcenter/?p=12371,post,
自訂頁面管理,"網站設定>前台介面,常見問題","September 10, 2025 8:54 AM (GMT+8)",設定與管理自訂頁面 (https://app.notion.com/p/31724ee0f33c80ee9c4dd3810cb7728f?pvs=21),https://app.notion.com/24f24ee0f33c80a895f2e78d977c595a,trunk,"https://app.notion.com/23b24ee0f33c80009ef1fc21c42a1055, https://app.notion.com/23b24ee0f33c8012811dd1806920767b, https://app.notion.com/23b24ee0f33c8032872ce1663e8b210d, https://app.notion.com/23b24ee0f33c807a94a3d681ff970cc6, https://app.notion.com/23b24ee0f33c8085a187f6bebb799990, https://app.notion.com/23b24ee0f33c8092bbddc34398a259f7, https://app.notion.com/23b24ee0f33c80d9aed4e1c445c39e0e",Yes,12570,https://www.cyberbiz.io/helpcenter/?p=12570,post,